[  
  {
    "schematic_resource_location": "missy:tardis/structures/interior_crystalline",
    "namespaced_id": "missy:interior_crystalline",
    "display_name": "Crystalline Interior",
    "image_resource_location": "missy:textures/gui/interiors/crystalline_preview.png",
    "unlocked_by_default": false,
	"using_remote_image" : false,
    "remote_image" : "https://i.imgur.com/lTv8YEm.png",
    "x_offset": 29,
    "y_offset": 3,
    "z_offset": 30
  },
  {
    "schematic_resource_location": "missy:tardis/structures/interior_thermador",
    "namespaced_id": "missy:interior_thermador",
    "display_name": "Thermador Interior",
    "image_resource_location": "missy:textures/gui/interiors/thermador_preview.png",
    "unlocked_by_default": true,
	"using_remote_image" : false,
    "remote_image" : "https://i.imgur.com/lTv8YEm.png",
    "x_offset": 22,
    "y_offset": 7,
    "z_offset": 30
  },
  {
    "schematic_resource_location": "missy:tardis/structures/interior_gravatas",
    "namespaced_id": "missy:interior_gravatas",
    "display_name": "Gravitas Interior",
    "image_resource_location": "missy:textures/gui/interiors/gravatas_preview.png",
    "unlocked_by_default": true,
	"using_remote_image" : false,
    "remote_image" : "https://i.imgur.com/lTv8YEm.png",
    "x_offset": 17,
    "y_offset": 6,
    "z_offset": 30
  },
  {
    "schematic_resource_location": "missy:tardis/structures/interior_victorian",
    "namespaced_id": "missy:interior_victorian",
    "display_name": "Victorian Interior",
    "image_resource_location": "missy:textures/gui/interiors/victorian_preview.png",
    "unlocked_by_default": false,
	"using_remote_image" : false,
    "remote_image" : "https://i.imgur.com/lTv8YEm.png",
    "x_offset": 29,
    "y_offset": 3,
    "z_offset": 30
  },
  {
    "schematic_resource_location": "missy:tardis/structures/mesh_int",
    "namespaced_id": "missy:interior_mesh",
    "display_name": "Mesh Interior",
    "image_resource_location": "missy:textures/gui/interiors/mesh_preview.png",
    "unlocked_by_default": true,
    "using_remote_image" : false,
    "remote_image" : "https://i.imgur.com/TislK5u.png",
    "x_offset": 18,
    "y_offset": 6,
    "z_offset": 30
  },
  {
    "schematic_resource_location": "missy:tardis/structures/ironguard_int",
    "namespaced_id": "missy:interior_ironguard",
    "display_name": "IronGuard Interior",
    "image_resource_location": "missy:textures/gui/interiors/ironguard_preview.png",
    "unlocked_by_default": true,
    "using_remote_image" : false,
    "remote_image" : "https://i.imgur.com/Y083F4F.png",
    "x_offset": 24,
    "y_offset": 18,
    "z_offset": 30
  },
  {
    "schematic_resource_location": "missy:tardis/structures/mechanical_int",
    "namespaced_id": "missy:interior_mechanical",
    "display_name": "Mechanical Interior",
    "image_resource_location": "missy:textures/gui/interiors/mechanical_preview.png",
    "unlocked_by_default": true,
    "using_remote_image" : false,
    "remote_image" : "https://i.imgur.com/8y2NvCG.png",
    "x_offset": 12,
    "y_offset": 13,
    "z_offset": 30
  },
  {
    "schematic_resource_location": "missy:tardis/structures/potent_int",
    "namespaced_id": "missy:interior_potent",
    "display_name": "Potent Interior",
    "image_resource_location": "missy:textures/gui/interiors/potent_preview.png",
    "unlocked_by_default": false,
    "using_remote_image" : false,
    "remote_image" : "https://i.imgur.com/URoJcgE.png",
    "x_offset": 12,
    "y_offset": 12,
    "z_offset": 30
  },
  {
    "schematic_resource_location": "missy:tardis/structures/aquarius_int",
    "namespaced_id": "missy:interior_aquarius",
    "display_name": "Aquarius Interior",
    "image_resource_location": "missy:textures/gui/interiors/aquarius_preview.png",
    "unlocked_by_default": true,
    "using_remote_image" : false,
    "remote_image" : "https://i.imgur.com/lzUscV6.png",
    "x_offset": 16,
    "y_offset": 12,
    "z_offset": 30
  },
  {
    "schematic_resource_location": "missy:tardis/structures/dorium_int",
    "namespaced_id": "missy:interior_dorium",
    "display_name": "Dorium Interior",
    "image_resource_location": "missy:textures/gui/interiors/dorium_preview.png",
    "unlocked_by_default": true,
    "using_remote_image" : false,
    "remote_image" : "https://i.imgur.com/7FasJhw.png",
    "x_offset": 12,
    "y_offset": 7,
    "z_offset": 30
  },
  {
    "schematic_resource_location": "missy:tardis/structures/lodestone_int",
    "namespaced_id": "missy:interior_lodestone",
    "display_name": "Lodestone Interior",
    "image_resource_location": "missy:textures/gui/interiors/loadstone_preview.png",
    "unlocked_by_default": true,
    "using_remote_image" : false,
    "remote_image" : "https://i.imgur.com/cTN0PVL.png",
    "x_offset": 16,
    "y_offset": 13,
    "z_offset": 30
  },
  {
    "schematic_resource_location": "missy:tardis/structures/clockwork_int",
    "namespaced_id": "missy:interior_clockwork",
    "display_name": "Clockwork Interior",
    "image_resource_location": "missy:textures/gui/interiors/clockwork_preview.png",
    "unlocked_by_default": true,
    "using_remote_image" : false,
    "remote_image" : "https://i.imgur.com/Rp8gvvt.jpg",
    "x_offset": 28,
    "y_offset": 17,
    "z_offset": 30
  },
  {
    "schematic_resource_location": "missy:tardis/structures/liath_int",
    "namespaced_id": "missy:interior_liath",
    "display_name": "Liath Interior",
    "image_resource_location": "missy:textures/gui/interiors/liath_preview.png",
    "unlocked_by_default": true,
    "using_remote_image" : false,
    "remote_image" : "https://i.imgur.com/5mJzCWs.png",
    "x_offset": 23,
    "y_offset": 19,
    "z_offset": 30
  },
  {
    "schematic_resource_location": "missy:tardis/structures/interior_copper",
    "namespaced_id": "missy:interior_copper",
    "display_name": "Copper Interior",
    "image_resource_location": "missy:textures/gui/interiors/copper_preview.png",
    "unlocked_by_default": true,
    "using_remote_image" : false,
    "remote_image" : "",
    "x_offset": 30,
    "y_offset": 5,
    "z_offset": 30
  }
]