{
	"credit": "Made with Blockbench",
	"texture_size": [64, 64],
	"textures": {
		"0": "missy:blocks/toaster",
		"particle": "missy:blocks/toaster"
	},
	"elements": [
		{
			"from": [4.67356, 0, 11.3851],
			"to": [5.67356, 1, 12.3851],
			"rotation": {"angle": 0, "axis": "y", "origin": [7.52933, 3.27067, 7.85577]},
			"faces": {
				"north": {"uv": [4.25, 10.75, 4.5, 11], "texture": "#0"},
				"east": {"uv": [4.5, 10.75, 4.75, 11], "texture": "#0"},
				"south": {"uv": [4.75, 10.75, 5, 11], "texture": "#0"},
				"west": {"uv": [4, 10.75, 4.25, 11], "texture": "#0"},
				"up": {"uv": [5.25, 11, 5, 10.75], "rotation": 270, "texture": "#0"},
				"down": {"uv": [6.25, 10.75, 6, 11], "rotation": 90, "texture": "#0"}
			}
		},
		{
			"from": [1.42356, 1.25, 3.6351],
			"to": [14.17356, 2, 12.6351],
			"rotation": {"angle": 0, "axis": "y", "origin": [7.52933, 3.27067, 7.85577]},
			"faces": {
				"north": {"uv": [8.75, 8.5, 12, 8.75], "texture": "#0"},
				"east": {"uv": [6.75, 6.5, 9, 6.75], "texture": "#0"},
				"south": {"uv": [7.5, 9.25, 10.75, 9.5], "texture": "#0"},
				"west": {"uv": [2.25, 2, 4.5, 2.25], "texture": "#0"},
				"up": {"uv": [2.25, 3.25, 0, 0], "rotation": 270, "texture": "#0"},
				"down": {"uv": [4.5, 2.25, 2.25, 5.5], "rotation": 90, "texture": "#0"}
			}
		},
		{
			"from": [1.32356, 0.65, 3.5351],
			"to": [14.27356, 1.6, 12.7351],
			"rotation": {"angle": 0, "axis": "y", "origin": [7.52933, 3.27067, 7.85577]},
			"faces": {
				"north": {"uv": [3.5, 9.5, 6.75, 9.75], "texture": "#0"},
				"east": {"uv": [9.5, 6.25, 11.75, 6.5], "texture": "#0"},
				"south": {"uv": [6.75, 9.5, 10, 9.75], "texture": "#0"},
				"west": {"uv": [9.5, 6, 11.75, 6.25], "texture": "#0"},
				"up": {"uv": [2.25, 6.5, 0, 3.25], "rotation": 270, "texture": "#0"},
				"down": {"uv": [6.75, 4.5, 4.5, 7.75], "rotation": 90, "texture": "#0"}
			}
		},
		{
			"from": [1.67356, 2, 4.1351],
			"to": [13.67356, 5, 12.1351],
			"rotation": {"angle": 0, "axis": "y", "origin": [7.52933, 3.27067, 7.85577]},
			"faces": {
				"north": {"uv": [4.5, 3, 7.5, 3.75], "texture": "#0"},
				"east": {"uv": [5.5, 8.75, 7.5, 9.5], "texture": "#0"},
				"south": {"uv": [4.5, 3.75, 7.5, 4.5], "texture": "#0"},
				"west": {"uv": [3.5, 8.75, 5.5, 9.5], "texture": "#0"},
				"up": {"uv": [6.5, 3, 4.5, 0], "rotation": 270, "texture": "#0"},
				"down": {"uv": [4.25, 5.5, 2.25, 8.5], "rotation": 90, "texture": "#0"}
			}
		},
		{
			"from": [1.92356, 0.5, 4.3851],
			"to": [13.67356, 1.25, 11.8851],
			"rotation": {"angle": 0, "axis": "y", "origin": [7.52933, 3.27067, 7.85577]},
			"faces": {
				"north": {"uv": [9.5, 5.5, 12.25, 5.75], "texture": "#0"},
				"east": {"uv": [9.5, 8.25, 11.5, 8.5], "texture": "#0"},
				"south": {"uv": [9.5, 5.75, 12.25, 6], "texture": "#0"},
				"west": {"uv": [9.5, 8, 11.5, 8.25], "texture": "#0"},
				"up": {"uv": [2, 9.25, 0, 6.5], "rotation": 270, "texture": "#0"},
				"down": {"uv": [8.5, 0, 6.5, 2.75], "rotation": 90, "texture": "#0"}
			}
		},
		{
			"from": [11.92356, 5, 4.3851],
			"to": [13.42356, 5.75, 11.8851],
			"rotation": {"angle": 0, "axis": "y", "origin": [7.52933, 3.27067, 7.85577]},
			"faces": {
				"north": {"uv": [3.5, 8.5, 4, 8.75], "texture": "#0"},
				"east": {"uv": [9.5, 9, 11.5, 9.25], "texture": "#0"},
				"south": {"uv": [6, 10.25, 6.5, 10.5], "texture": "#0"},
				"west": {"uv": [9.5, 8.75, 11.5, 9], "texture": "#0"},
				"up": {"uv": [10.5, 2.75, 8.5, 2.25], "rotation": 270, "texture": "#0"},
				"down": {"uv": [9.5, 8.75, 7.5, 9.25], "rotation": 90, "texture": "#0"}
			}
		},
		{
			"from": [6.67356, 5, 6.1351],
			"to": [7.67356, 5.85, 10.1351],
			"rotation": {"angle": 0, "axis": "y", "origin": [7.52933, 3.27067, 7.85577]},
			"faces": {
				"north": {"uv": [4.25, 7.5, 4.5, 7.75], "texture": "#0"},
				"east": {"uv": [2.25, 10, 3.25, 10.25], "texture": "#0"},
				"south": {"uv": [4, 8.5, 4.25, 8.75], "texture": "#0"},
				"west": {"uv": [6.5, 2.75, 7.5, 3], "texture": "#0"},
				"up": {"uv": [9.5, 10.25, 8.5, 10], "rotation": 270, "texture": "#0"},
				"down": {"uv": [10.5, 10, 9.5, 10.25], "rotation": 90, "texture": "#0"}
			}
		},
		{
			"from": [8.67356, 5, 6.1351],
			"to": [9.67356, 5.825, 10.1351],
			"rotation": {"angle": 0, "axis": "y", "origin": [7.52933, 3.27067, 7.85577]},
			"faces": {
				"north": {"uv": [8.75, 8.25, 9, 8.5], "texture": "#0"},
				"east": {"uv": [10, 0.25, 11, 0.5], "texture": "#0"},
				"south": {"uv": [3.25, 10, 3.5, 10.25], "texture": "#0"},
				"west": {"uv": [10, 0, 11, 0.25], "texture": "#0"},
				"up": {"uv": [11, 0.75, 10, 0.5], "rotation": 270, "texture": "#0"},
				"down": {"uv": [11, 0.75, 10, 1], "rotation": 90, "texture": "#0"}
			}
		},
		{
			"from": [10.67356, 5, 6.1351],
			"to": [11.92356, 5.825, 10.1351],
			"rotation": {"angle": 0, "axis": "y", "origin": [7.52933, 3.27067, 7.85577]},
			"faces": {
				"north": {"uv": [2.75, 10.5, 3, 10.75], "texture": "#0"},
				"east": {"uv": [10, 1.25, 11, 1.5], "texture": "#0"},
				"south": {"uv": [3, 10.5, 3.25, 10.75], "texture": "#0"},
				"west": {"uv": [10, 1, 11, 1.25], "texture": "#0"},
				"up": {"uv": [11, 9.75, 10, 9.5], "rotation": 270, "texture": "#0"},
				"down": {"uv": [3.25, 10.25, 2.25, 10.5], "rotation": 90, "texture": "#0"}
			}
		},
		{
			"from": [4.17356, 5, 6.1351],
			"to": [5.67356, 5.825, 10.1351],
			"rotation": {"angle": 0, "axis": "y", "origin": [7.52933, 3.27067, 7.85577]},
			"faces": {
				"north": {"uv": [6.5, 10.25, 7, 10.5], "texture": "#0"},
				"east": {"uv": [4.25, 10.25, 5.25, 10.5], "texture": "#0"},
				"south": {"uv": [7, 10.25, 7.5, 10.5], "texture": "#0"},
				"west": {"uv": [3.25, 10.25, 4.25, 10.5], "texture": "#0"},
				"up": {"uv": [4.5, 10.25, 3.5, 9.75], "rotation": 270, "texture": "#0"},
				"down": {"uv": [5.5, 9.75, 4.5, 10.25], "rotation": 90, "texture": "#0"}
			}
		},
		{
			"from": [4.42356, 5, 10.1351],
			"to": [11.92356, 5.75, 11.8851],
			"rotation": {"angle": 0, "axis": "y", "origin": [7.52933, 3.27067, 7.85577]},
			"faces": {
				"north": {"uv": [5.5, 9.75, 7.5, 10], "texture": "#0"},
				"east": {"uv": [8, 10.25, 8.5, 10.5], "texture": "#0"},
				"south": {"uv": [7.5, 9.75, 9.5, 10], "texture": "#0"},
				"west": {"uv": [7.5, 10.25, 8, 10.5], "texture": "#0"},
				"up": {"uv": [9.5, 6.5, 9, 4.5], "rotation": 270, "texture": "#0"},
				"down": {"uv": [9.5, 6.5, 9, 8.5], "rotation": 90, "texture": "#0"}
			}
		},
		{
			"from": [4.42356, 5, 4.3851],
			"to": [11.92356, 5.75, 6.1351],
			"rotation": {"angle": 0, "axis": "y", "origin": [7.52933, 3.27067, 7.85577]},
			"faces": {
				"north": {"uv": [9.5, 9.75, 11.5, 10], "texture": "#0"},
				"east": {"uv": [9, 10.25, 9.5, 10.5], "texture": "#0"},
				"south": {"uv": [9.75, 2.75, 11.75, 3], "texture": "#0"},
				"west": {"uv": [8.5, 10.25, 9, 10.5], "texture": "#0"},
				"up": {"uv": [0.5, 11.25, 0, 9.25], "rotation": 270, "texture": "#0"},
				"down": {"uv": [1, 9.25, 0.5, 11.25], "rotation": 90, "texture": "#0"}
			}
		},
		{
			"from": [1.42356, 2, 3.8851],
			"to": [1.67356, 5.75, 12.3851],
			"rotation": {"angle": 0, "axis": "y", "origin": [7.52933, 3.27067, 7.85577]},
			"faces": {
				"north": {"uv": [1, 10.25, 1.25, 11.25], "texture": "#0"},
				"east": {"uv": [2.25, 1, 4.5, 2], "texture": "#0"},
				"south": {"uv": [1.25, 10.25, 1.5, 11.25], "texture": "#0"},
				"west": {"uv": [2.25, 0, 4.5, 1], "texture": "#0"},
				"up": {"uv": [11.75, 6.75, 9.5, 6.5], "rotation": 270, "texture": "#0"},
				"down": {"uv": [11.75, 6.75, 9.5, 7], "rotation": 90, "texture": "#0"}
			}
		},
		{
			"from": [1.67356, 2, 3.8851],
			"to": [4.42356, 6.25, 12.3851],
			"rotation": {"angle": 0, "axis": "y", "origin": [7.52933, 3.27067, 7.85577]},
			"faces": {
				"north": {"uv": [1, 9.25, 1.75, 10.25], "texture": "#0"},
				"east": {"uv": [6.75, 4.5, 9, 5.5], "texture": "#0"},
				"south": {"uv": [9.5, 4.5, 10.25, 5.5], "texture": "#0"},
				"west": {"uv": [6.75, 6.75, 9, 7.75], "texture": "#0"},
				"up": {"uv": [9.75, 4.5, 7.5, 3.75], "rotation": 270, "texture": "#0"},
				"down": {"uv": [10.75, 1.5, 8.5, 2.25], "rotation": 90, "texture": "#0"}
			}
		},
		{
			"from": [11.92356, 2, 3.8851],
			"to": [13.67356, 6, 12.3851],
			"rotation": {"angle": 0, "axis": "y", "origin": [7.52933, 3.27067, 7.85577]},
			"faces": {
				"north": {"uv": [1.5, 10.25, 1.75, 11.25], "texture": "#0"},
				"east": {"uv": [7.5, 2.75, 9.75, 3.75], "texture": "#0"},
				"south": {"uv": [5.25, 10.25, 5.5, 11.25], "texture": "#0"},
				"west": {"uv": [6.75, 5.5, 9, 6.5], "texture": "#0"},
				"up": {"uv": [11.75, 7.25, 9.5, 7], "rotation": 270, "texture": "#0"},
				"down": {"uv": [11.75, 7.25, 9.5, 7.5], "rotation": 90, "texture": "#0"}
			}
		},
		{
			"from": [13.67356, 2, 3.8851],
			"to": [13.92356, 5.5, 12.3851],
			"rotation": {"angle": 0, "axis": "y", "origin": [7.52933, 3.27067, 7.85577]},
			"faces": {
				"north": {"uv": [5.5, 10.25, 5.75, 11.25], "texture": "#0"},
				"east": {"uv": [6.5, 7.75, 8.75, 8.75], "texture": "#0"},
				"south": {"uv": [5.75, 10.25, 6, 11.25], "texture": "#0"},
				"west": {"uv": [4.25, 7.75, 6.5, 8.75], "texture": "#0"},
				"up": {"uv": [11.75, 7.75, 9.5, 7.5], "rotation": 270, "texture": "#0"},
				"down": {"uv": [11.75, 7.75, 9.5, 8], "rotation": 90, "texture": "#0"}
			}
		},
		{
			"from": [5.17356, 5, 5.6351],
			"to": [10.67356, 5.25, 11.6351],
			"rotation": {"angle": 0, "axis": "y", "origin": [7.52933, 3.27067, 7.85577]},
			"faces": {
				"north": {"uv": [9.75, 4.25, 11.25, 4.5], "texture": "#0"},
				"east": {"uv": [5.5, 10, 7, 10.25], "texture": "#0"},
				"south": {"uv": [7, 10, 8.5, 10.25], "texture": "#0"},
				"west": {"uv": [9.75, 4, 11.25, 4.25], "texture": "#0"},
				"up": {"uv": [3.5, 10, 2, 8.5], "rotation": 270, "texture": "#0"},
				"down": {"uv": [10, 0, 8.5, 1.5], "rotation": 90, "texture": "#0"}
			}
		},
		{
			"from": [4.42356, 4.75, 4.0351],
			"to": [12.42356, 5.5, 4.6351],
			"rotation": {"angle": 0, "axis": "y", "origin": [7.52933, 3.27067, 7.85577]},
			"faces": {
				"north": {"uv": [9.75, 3, 11.75, 3.25], "texture": "#0"},
				"east": {"uv": [3.5, 10.5, 3.75, 10.75], "texture": "#0"},
				"south": {"uv": [9.75, 3.25, 11.75, 3.5], "texture": "#0"},
				"west": {"uv": [3.25, 10.5, 3.5, 10.75], "texture": "#0"},
				"up": {"uv": [4.5, 7.5, 4.25, 5.5], "rotation": 270, "texture": "#0"},
				"down": {"uv": [2.25, 6.5, 2, 8.5], "rotation": 90, "texture": "#0"}
			}
		},
		{
			"from": [4.42356, 4.75, 11.6351],
			"to": [12.42356, 5.5, 12.2101],
			"rotation": {"angle": 0, "axis": "y", "origin": [7.52933, 3.27067, 7.85577]},
			"faces": {
				"north": {"uv": [9.75, 3.5, 11.75, 3.75], "texture": "#0"},
				"east": {"uv": [4, 10.5, 4.25, 10.75], "texture": "#0"},
				"south": {"uv": [9.75, 3.75, 11.75, 4], "texture": "#0"},
				"west": {"uv": [3.75, 10.5, 4, 10.75], "texture": "#0"},
				"up": {"uv": [2, 11.25, 1.75, 9.25], "rotation": 270, "texture": "#0"},
				"down": {"uv": [2.25, 10, 2, 12], "rotation": 90, "texture": "#0"}
			}
		},
		{
			"from": [2.42356, 2.5, 3.6351],
			"to": [3.42356, 3.5, 4.6351],
			"rotation": {"angle": 0, "axis": "y", "origin": [7.52933, 3.27067, 7.85577]},
			"faces": {
				"north": {"uv": [4.5, 10.5, 4.75, 10.75], "texture": "#0"},
				"east": {"uv": [4.75, 10.5, 5, 10.75], "texture": "#0"},
				"south": {"uv": [5, 10.5, 5.25, 10.75], "texture": "#0"},
				"west": {"uv": [4.25, 10.5, 4.5, 10.75], "texture": "#0"},
				"up": {"uv": [6.25, 10.75, 6, 10.5], "rotation": 270, "texture": "#0"},
				"down": {"uv": [6.5, 10.5, 6.25, 10.75], "rotation": 90, "texture": "#0"}
			}
		},
		{
			"from": [2.22356, 2.3, 3.6851],
			"to": [3.62356, 3.7, 5.0851],
			"rotation": {"angle": 0, "axis": "y", "origin": [7.52933, 3.27067, 7.85577]},
			"faces": {
				"north": {"uv": [6.75, 10.5, 7, 10.75], "texture": "#0"},
				"east": {"uv": [7, 10.5, 7.25, 10.75], "texture": "#0"},
				"south": {"uv": [7.25, 10.5, 7.5, 10.75], "texture": "#0"},
				"west": {"uv": [6.5, 10.5, 6.75, 10.75], "texture": "#0"},
				"up": {"uv": [7.75, 10.75, 7.5, 10.5], "rotation": 270, "texture": "#0"},
				"down": {"uv": [8, 10.5, 7.75, 10.75], "rotation": 90, "texture": "#0"}
			}
		},
		{
			"from": [11.92356, 0, 3.8851],
			"to": [13.42356, 1, 4.8851],
			"rotation": {"angle": 0, "axis": "y", "origin": [7.52933, 3.27067, 7.85577]},
			"faces": {
				"north": {"uv": [9.5, 10.25, 10, 10.5], "texture": "#0"},
				"east": {"uv": [8.25, 10.5, 8.5, 10.75], "texture": "#0"},
				"south": {"uv": [10, 10.25, 10.5, 10.5], "texture": "#0"},
				"west": {"uv": [8, 10.5, 8.25, 10.75], "texture": "#0"},
				"up": {"uv": [9, 8.25, 8.75, 7.75], "rotation": 270, "texture": "#0"},
				"down": {"uv": [10.5, 4.5, 10.25, 5], "rotation": 90, "texture": "#0"}
			}
		},
		{
			"from": [11.92356, 0, 11.3851],
			"to": [13.42356, 1, 12.3851],
			"rotation": {"angle": 0, "axis": "y", "origin": [7.52933, 3.27067, 7.85577]},
			"faces": {
				"north": {"uv": [10.25, 5, 10.75, 5.25], "texture": "#0"},
				"east": {"uv": [8.75, 10.5, 9, 10.75], "texture": "#0"},
				"south": {"uv": [10.25, 5.25, 10.75, 5.5], "texture": "#0"},
				"west": {"uv": [8.5, 10.5, 8.75, 10.75], "texture": "#0"},
				"up": {"uv": [2.5, 11, 2.25, 10.5], "rotation": 270, "texture": "#0"},
				"down": {"uv": [2.75, 10.5, 2.5, 11], "rotation": 90, "texture": "#0"}
			}
		},
		{
			"from": [2.17356, 0, 3.8851],
			"to": [3.42356, 1, 4.8851],
			"rotation": {"angle": 0, "axis": "y", "origin": [7.52933, 3.27067, 7.85577]},
			"faces": {
				"north": {"uv": [9.25, 10.5, 9.5, 10.75], "texture": "#0"},
				"east": {"uv": [9.5, 10.5, 9.75, 10.75], "texture": "#0"},
				"south": {"uv": [9.75, 10.5, 10, 10.75], "texture": "#0"},
				"west": {"uv": [9, 10.5, 9.25, 10.75], "texture": "#0"},
				"up": {"uv": [10.25, 10.75, 10, 10.5], "rotation": 270, "texture": "#0"},
				"down": {"uv": [10.5, 10.5, 10.25, 10.75], "rotation": 90, "texture": "#0"}
			}
		},
		{
			"from": [2.17356, 0, 11.3851],
			"to": [3.42356, 1, 12.3851],
			"rotation": {"angle": 0, "axis": "y", "origin": [7.52933, 3.27067, 7.85577]},
			"faces": {
				"north": {"uv": [10.5, 2.25, 10.75, 2.5], "texture": "#0"},
				"east": {"uv": [10.5, 2.5, 10.75, 2.75], "texture": "#0"},
				"south": {"uv": [10.5, 4.5, 10.75, 4.75], "texture": "#0"},
				"west": {"uv": [10.5, 10.5, 10.75, 10.75], "texture": "#0"},
				"up": {"uv": [10.75, 5, 10.5, 4.75], "rotation": 270, "texture": "#0"},
				"down": {"uv": [10.75, 10, 10.5, 10.25], "rotation": 90, "texture": "#0"}
			}
		},
		{
			"from": [4.67356, 0, 3.8851],
			"to": [5.67356, 1, 4.8851],
			"rotation": {"angle": 0, "axis": "y", "origin": [7.52933, 3.27067, 7.85577]},
			"faces": {
				"north": {"uv": [2.75, 10.75, 3, 11], "texture": "#0"},
				"east": {"uv": [3, 10.75, 3.25, 11], "texture": "#0"},
				"south": {"uv": [3.25, 10.75, 3.5, 11], "texture": "#0"},
				"west": {"uv": [10.5, 10.25, 10.75, 10.5], "texture": "#0"},
				"up": {"uv": [3.75, 11, 3.5, 10.75], "rotation": 270, "texture": "#0"},
				"down": {"uv": [4, 10.75, 3.75, 11], "rotation": 90, "texture": "#0"}
			}
		}
	],
	"groups": [
		{
			"name": "group",
			"origin": [8, 8, 8],
			"children": [0, 1, 2, 3, 4, 5, 6, 7, 8, 9, 10, 11, 12, 13, 14, 15, 16, 17, 18, 19, 20, 21, 22, 23, 24, 25]
		}
	]
}