{
  "drill_loop": {
    "category": "block",
    "subtitle": "missy.subtitle.drill_loop",
    "sounds": [
      {
        "name": "missy:drill_loop",
        "stream": true
      }
    ]
  },
  "missys_landing": {
  "category": "block",
  "subtitle": "missy.subtitle.missys_landing",
  "sounds": [
    {
      "name": "missy:tardis/missys_landing",
      "stream": false
    }
  ]
},
  "missys_take_off": {
    "category": "block",
    "subtitle": "missy.subtitle.missys_take_off",
    "sounds": [
      {
        "name": "missy:tardis/missys_take_off",
        "stream": false
      }
    ]
  },
  "missys_alarm": {
    "category": "block",
    "subtitle": "missy.subtitle.missys_alarm",
    "sounds": [
      {
        "name": "missy:tardis/missys_alarm",
        "stream": false
      }
    ]
  },
  "missys_hum": {
    "category": "block",
    "subtitle": "missy.subtitle.missys_hum",
    "sounds": [
      {
        "name": "missy:tardis/missys_hum",
        "stream": false
      }
    ]
  },
  "bell_ring": {
    "category": "block",
    "subtitle": "missy.subtitle.bell_ring",
    "sounds": [
      {
        "name": "missy:tardis/bell_ring",
        "stream": true
      }
    ]
  },

  "time_vortex": {
    "category": "music",
    "subtitle": "missy.subtitle.time_vortex",
    "sounds": [
      {
        "name": "missy:time_vortex",
        "stream": true
      }
    ]
  },

  "throttle_blast": {
    "category": "block",
    "subtitle": "missy.subtitle.time_blast",
    "sounds": [
      {
        "name": "missy:tardis/time_blast",
        "stream": true
      }
    ]
  },
  "alert_alarm": {
    "category": "block",
    "subtitle": "missy.subtitle.alert_alarm",
    "sounds": [
      {
        "name": "missy:tardis/alert_alarm",
        "stream": true
      }
    ]
  }
}