{
	"credit": "Made with Blockbench",
	"texture_size": [64, 64],
	"textures": {
		"0": "missy:blocks/halligan_kit",
		"particle": "missy:blocks/halligan_kit"
	},
	"elements": [
		{
			"from": [1, 0, 5],
			"to": [15, 16, 11.5],
			"rotation": {"angle": 0, "axis": "y", "origin": [8, 8, 0.75]},
			"faces": {
				"north": {"uv": [3.5, 3.5, 7, 7.5], "texture": "#0"},
				"east": {"uv": [6.25, 8.5, 7.5, 12.5], "texture": "#0"},
				"south": {"uv": [0, 0, 3.5, 4], "texture": "#0"},
				"west": {"uv": [5, 8.5, 6.25, 12.5], "texture": "#0"},
				"up": {"uv": [5, 15.25, 1.5, 14], "rotation": 180, "texture": "#0"},
				"down": {"uv": [8.5, 14, 5, 15.25], "rotation": 180, "texture": "#0"}
			}
		},
		{
			"from": [13.5, 0, 4.5],
			"to": [15, 16, 5],
			"rotation": {"angle": 0, "axis": "y", "origin": [8, 8, 0.75]},
			"faces": {
				"north": {"uv": [4, 8.5, 4.5, 12.5], "texture": "#0"},
				"east": {"uv": [2.25, 8.5, 2.5, 12.5], "texture": "#0"},
				"south": {"uv": [4, 8.5, 4.5, 12.5], "texture": "#0"},
				"west": {"uv": [3.5, 8.5, 3.75, 12.5], "texture": "#0"},
				"up": {"uv": [4.75, 12.75, 4.25, 12.5], "rotation": 180, "texture": "#0"},
				"down": {"uv": [4.75, 13, 4.25, 13.25], "rotation": 180, "texture": "#0"}
			}
		},
		{
			"from": [1, 0, 4.5],
			"to": [2.5, 16, 5],
			"rotation": {"angle": 0, "axis": "y", "origin": [8, 8, 0.75]},
			"faces": {
				"north": {"uv": [4.5, 8.5, 5, 12.5], "texture": "#0"},
				"east": {"uv": [3.75, 8.5, 4, 12.5], "texture": "#0"},
				"south": {"uv": [4, 8.5, 4.5, 12.5], "texture": "#0"},
				"west": {"uv": [2.5, 8.5, 2.75, 12.5], "texture": "#0"},
				"up": {"uv": [4.75, 13, 4.25, 12.75], "rotation": 180, "texture": "#0"},
				"down": {"uv": [4.75, 13.25, 4.25, 13.5], "rotation": 180, "texture": "#0"}
			}
		},
		{
			"from": [2.5, 0, 4.5],
			"to": [13.5, 1, 5],
			"rotation": {"angle": 0, "axis": "y", "origin": [8, 8, 0.75]},
			"faces": {
				"north": {"uv": [1.5, 13, 4.25, 13.5], "texture": "#0"},
				"east": {"uv": [6.75, 3, 7, 3.5], "texture": "#0"},
				"south": {"uv": [1.5, 13, 4.25, 13.5], "texture": "#0"},
				"west": {"uv": [6.75, 2.5, 7, 3], "texture": "#0"},
				"up": {"uv": [4.25, 13.5, 1.5, 13.25], "rotation": 180, "texture": "#0"},
				"down": {"uv": [4.25, 13.75, 1.5, 14], "rotation": 180, "texture": "#0"}
			}
		},
		{
			"from": [2.5, 15, 4.5],
			"to": [13.5, 16, 5],
			"rotation": {"angle": 0, "axis": "y", "origin": [8, 8, 0.75]},
			"faces": {
				"north": {"uv": [1.5, 12.5, 4.25, 13], "texture": "#0"},
				"east": {"uv": [7, 1, 7.25, 1.5], "texture": "#0"},
				"south": {"uv": [1.5, 12.5, 4.25, 13], "texture": "#0"},
				"west": {"uv": [7, 1.25, 7.25, 1.75], "texture": "#0"},
				"up": {"uv": [4.25, 14, 1.5, 13.75], "rotation": 180, "texture": "#0"},
				"down": {"uv": [4.25, 13.5, 1.5, 13.75], "rotation": 180, "texture": "#0"}
			}
		}
	],
	"display": {
		"thirdperson_righthand": {
			"rotation": [-9, 0, 0],
			"translation": [0, 0.5, 1.25],
			"scale": [0.25, 0.25, 0.25]
		},
		"thirdperson_lefthand": {
			"rotation": [-9, 0, 0],
			"translation": [0, 0.5, 1.25],
			"scale": [0.25, 0.25, 0.25]
		},
		"firstperson_righthand": {
			"rotation": [-9, 0, 0],
			"translation": [-3.25, 4.25, 4.75],
			"scale": [0.25, 0.25, 0.25]
		},
		"firstperson_lefthand": {
			"rotation": [-9, 0, 0],
			"translation": [-3.25, 4.25, 4.75],
			"scale": [0.25, 0.25, 0.25]
		},
		"ground": {
			"translation": [0.25, 0.75, 0],
			"scale": [0.5, 0.5, 0.5]
		},
		"gui": {
			"rotation": [30, 45, 0],
			"translation": [-0.25, 0.25, 0],
			"scale": [0.75, 0.75, 0.75]
		},
		"head": {
			"rotation": [-90, 0, 0],
			"translation": [0, 5, 0]
		},
		"fixed": {
			"translation": [0, 0, -0.25]
		}
	},
	"groups": [
		{
			"name": "group",
			"origin": [8, 8, 8],
			"children": [0, 1, 2, 3, 4]
		}
	]
}