{
	"credit": "Made with Blockbench",
	"texture_size": [64, 64],
	"textures": {
		"0": "missy:blocks/temporal_siphon"
	},
	"elements": [
		{
			"name": "bone2",
			"from": [3.75, 0, 3.25],
			"to": [12.75, 5, 12.25],
			"rotation": {"angle": 0, "axis": "y", "origin": [8.25, 0, 7.75]},
			"faces": {
				"north": {"uv": [2.25, 2.25, 4.5, 3.5], "texture": "#0"},
				"east": {"uv": [0, 2.25, 2.25, 3.5], "texture": "#0"},
				"south": {"uv": [6.75, 2.25, 9, 3.5], "texture": "#0"},
				"west": {"uv": [4.5, 2.25, 6.75, 3.5], "texture": "#0"},
				"up": {"uv": [4.5, 2.25, 2.25, 0], "texture": "#0"},
				"down": {"uv": [6.75, 0, 4.5, 2.25], "texture": "#0"}
			}
		},
		{
			"name": "bone3",
			"from": [4.75, 5, 4.25],
			"to": [11.75, 10, 11.25],
			"rotation": {"angle": 0, "axis": "y", "origin": [8.25, 0, 7.75]},
			"faces": {
				"north": {"uv": [1.75, 5.25, 3.5, 6.5], "texture": "#0"},
				"east": {"uv": [0, 5.25, 1.75, 6.5], "texture": "#0"},
				"south": {"uv": [5.25, 5.25, 7, 6.5], "texture": "#0"},
				"west": {"uv": [3.5, 5.25, 5.25, 6.5], "texture": "#0"},
				"up": {"uv": [3.5, 5.25, 1.75, 3.5], "texture": "#0"},
				"down": {"uv": [5.25, 3.5, 3.5, 5.25], "texture": "#0"}
			}
		},
		{
			"name": "bone3",
			"from": [5.75, 10, 5.25],
			"to": [10.75, 12, 10.25],
			"rotation": {"angle": 0, "axis": "y", "origin": [8.25, 0, 7.75]},
			"faces": {
				"north": {"uv": [6.5, 4.75, 7.75, 5.25], "texture": "#0"},
				"east": {"uv": [5.25, 4.75, 6.5, 5.25], "texture": "#0"},
				"south": {"uv": [9, 4.75, 10.25, 5.25], "texture": "#0"},
				"west": {"uv": [7.75, 4.75, 9, 5.25], "texture": "#0"},
				"up": {"uv": [7.75, 4.75, 6.5, 3.5], "texture": "#0"},
				"down": {"uv": [9, 3.5, 7.75, 4.75], "texture": "#0"}
			}
		},
		{
			"name": "bone20",
			"from": [6.25, 3.75, 10.5],
			"to": [10.25, 10.75, 13.5],
			"rotation": {"angle": 0, "axis": "y", "origin": [8.25, -1, 7.75]},
			"faces": {
				"north": {"uv": [0.75, 7.25, 1.75, 9], "texture": "#0"},
				"east": {"uv": [0, 7.25, 0.75, 9], "texture": "#0"},
				"south": {"uv": [2.5, 7.25, 3.5, 9], "texture": "#0"},
				"west": {"uv": [1.75, 7.25, 2.5, 9], "texture": "#0"},
				"up": {"uv": [1.75, 7.25, 0.75, 6.5], "texture": "#0"},
				"down": {"uv": [2.75, 6.5, 1.75, 7.25], "texture": "#0"}
			}
		},
		{
			"name": "bone21",
			"from": [6.25, -2, 13],
			"to": [10.25, 0, 17],
			"rotation": {"angle": 0, "axis": "y", "origin": [8.25, -1, 7.75]},
			"faces": {
				"north": {"uv": [10, 2.5, 11, 3], "texture": "#0"},
				"east": {"uv": [9, 2.5, 10, 3], "texture": "#0"},
				"south": {"uv": [12, 2.5, 13, 3], "texture": "#0"},
				"west": {"uv": [11, 2.5, 12, 3], "texture": "#0"},
				"up": {"uv": [11, 2.5, 10, 1.5], "texture": "#0"},
				"down": {"uv": [12, 1.5, 11, 2.5], "texture": "#0"}
			}
		},
		{
			"name": "bone22",
			"from": [7.25, -8.25, 14],
			"to": [9.25, -1.25, 16],
			"rotation": {"angle": 0, "axis": "y", "origin": [8.25, -1, 7.75]},
			"faces": {
				"north": {"uv": [2.5, 10.5, 3, 12.25], "texture": "#0"},
				"east": {"uv": [2, 10.5, 2.5, 12.25], "texture": "#0"},
				"south": {"uv": [3.5, 10.5, 4, 12.25], "texture": "#0"},
				"west": {"uv": [3, 10.5, 3.5, 12.25], "texture": "#0"},
				"up": {"uv": [3, 10.5, 2.5, 10], "texture": "#0"},
				"down": {"uv": [3.5, 10, 3, 10.5], "texture": "#0"}
			}
		},
		{
			"name": "bone23",
			"from": [7.25, -1.25, 13.5],
			"to": [9.25, 5.75, 15.5],
			"rotation": {"angle": 0, "axis": "y", "origin": [8.25, -1, 7.75]},
			"faces": {
				"north": {"uv": [10.25, 7.25, 10.75, 9], "texture": "#0"},
				"east": {"uv": [9.75, 7.25, 10.25, 9], "texture": "#0"},
				"south": {"uv": [11.25, 7.25, 11.75, 9], "texture": "#0"},
				"west": {"uv": [10.75, 7.25, 11.25, 9], "texture": "#0"},
				"up": {"uv": [10.75, 7.25, 10.25, 6.75], "texture": "#0"},
				"down": {"uv": [11.25, 6.75, 10.75, 7.25], "texture": "#0"}
			}
		},
		{
			"name": "bone26",
			"from": [6.25, 3.75, 2],
			"to": [10.25, 10.75, 5],
			"rotation": {"angle": 0, "axis": "y", "origin": [8.25, -1, 7.75]},
			"faces": {
				"north": {"uv": [7, 7, 8, 8.75], "texture": "#0"},
				"east": {"uv": [6.25, 7, 7, 8.75], "texture": "#0"},
				"south": {"uv": [8.75, 7, 9.75, 8.75], "texture": "#0"},
				"west": {"uv": [8, 7, 8.75, 8.75], "texture": "#0"},
				"up": {"uv": [8, 7, 7, 6.25], "texture": "#0"},
				"down": {"uv": [9, 6.25, 8, 7], "texture": "#0"}
			}
		},
		{
			"name": "bone27",
			"from": [6.25, -2, -1.5],
			"to": [10.25, 0, 2.5],
			"rotation": {"angle": 0, "axis": "y", "origin": [8.25, -1, 7.75]},
			"faces": {
				"north": {"uv": [7.75, 1, 8.75, 1.5], "texture": "#0"},
				"east": {"uv": [6.75, 1, 7.75, 1.5], "texture": "#0"},
				"south": {"uv": [9.75, 1, 10.75, 1.5], "texture": "#0"},
				"west": {"uv": [8.75, 1, 9.75, 1.5], "texture": "#0"},
				"up": {"uv": [8.75, 1, 7.75, 0], "texture": "#0"},
				"down": {"uv": [9.75, 0, 8.75, 1], "texture": "#0"}
			}
		},
		{
			"name": "bone28",
			"from": [7.25, -8.25, -0.5],
			"to": [9.25, -1.25, 1.5],
			"rotation": {"angle": 0, "axis": "y", "origin": [8.25, -1, 7.75]},
			"faces": {
				"north": {"uv": [0.5, 9.5, 1, 11.25], "texture": "#0"},
				"east": {"uv": [0, 9.5, 0.5, 11.25], "texture": "#0"},
				"south": {"uv": [1.5, 9.5, 2, 11.25], "texture": "#0"},
				"west": {"uv": [1, 9.5, 1.5, 11.25], "texture": "#0"},
				"up": {"uv": [1, 9.5, 0.5, 9], "texture": "#0"},
				"down": {"uv": [1.5, 9, 1, 9.5], "texture": "#0"}
			}
		},
		{
			"name": "bone29",
			"from": [7.25, -1.25, 0],
			"to": [9.25, 5.75, 2],
			"rotation": {"angle": 0, "axis": "y", "origin": [8.25, -1, 7.75]},
			"faces": {
				"north": {"uv": [0.5, 0.5, 1, 2.25], "texture": "#0"},
				"east": {"uv": [0, 0.5, 0.5, 2.25], "texture": "#0"},
				"south": {"uv": [1.5, 0.5, 2, 2.25], "texture": "#0"},
				"west": {"uv": [1, 0.5, 1.5, 2.25], "texture": "#0"},
				"up": {"uv": [1, 0.5, 0.5, 0], "texture": "#0"},
				"down": {"uv": [1.5, 0, 1, 0.5], "texture": "#0"}
			}
		},
		{
			"name": "bone12",
			"from": [6.25, 3.75, 10.5],
			"to": [10.25, 10.75, 13.5],
			"rotation": {"angle": 0, "axis": "y", "origin": [8.25, -1, 7.75]},
			"faces": {
				"north": {"uv": [4.25, 8.75, 5.25, 10.5], "texture": "#0"},
				"east": {"uv": [3.5, 8.75, 4.25, 10.5], "texture": "#0"},
				"south": {"uv": [6, 8.75, 7, 10.5], "texture": "#0"},
				"west": {"uv": [5.25, 8.75, 6, 10.5], "texture": "#0"},
				"up": {"uv": [5.25, 8.75, 4.25, 8], "texture": "#0"},
				"down": {"uv": [6.25, 8, 5.25, 8.75], "texture": "#0"}
			}
		},
		{
			"name": "bone13",
			"from": [6.25, -2, 13],
			"to": [10.25, 0, 17],
			"rotation": {"angle": 0, "axis": "y", "origin": [8.25, -1, 7.75]},
			"faces": {
				"north": {"uv": [10, 4, 11, 4.5], "texture": "#0"},
				"east": {"uv": [9, 4, 10, 4.5], "texture": "#0"},
				"south": {"uv": [12, 4, 13, 4.5], "texture": "#0"},
				"west": {"uv": [11, 4, 12, 4.5], "texture": "#0"},
				"up": {"uv": [11, 4, 10, 3], "texture": "#0"},
				"down": {"uv": [12, 3, 11, 4], "texture": "#0"}
			}
		},
		{
			"name": "bone14",
			"from": [7.25, -8.25, 14],
			"to": [9.25, -1.25, 16],
			"rotation": {"angle": 0, "axis": "y", "origin": [8.25, -1, 7.75]},
			"faces": {
				"north": {"uv": [11, 11, 11.5, 12.75], "texture": "#0"},
				"east": {"uv": [10.5, 11, 11, 12.75], "texture": "#0"},
				"south": {"uv": [12, 11, 12.5, 12.75], "texture": "#0"},
				"west": {"uv": [11.5, 11, 12, 12.75], "texture": "#0"},
				"up": {"uv": [11.5, 11, 11, 10.5], "texture": "#0"},
				"down": {"uv": [12, 10.5, 11.5, 11], "texture": "#0"}
			}
		},
		{
			"name": "bone15",
			"from": [7.25, -1.25, 13.5],
			"to": [9.25, 5.75, 15.5],
			"rotation": {"angle": 0, "axis": "y", "origin": [8.25, -1, 7.75]},
			"faces": {
				"north": {"uv": [4.5, 11, 5, 12.75], "texture": "#0"},
				"east": {"uv": [4, 11, 4.5, 12.75], "texture": "#0"},
				"south": {"uv": [5.5, 11, 6, 12.75], "texture": "#0"},
				"west": {"uv": [5, 11, 5.5, 12.75], "texture": "#0"},
				"up": {"uv": [5, 11, 4.5, 10.5], "texture": "#0"},
				"down": {"uv": [5.5, 10.5, 5, 11], "texture": "#0"}
			}
		},
		{
			"name": "bone4",
			"from": [6.25, 3.75, 2],
			"to": [10.25, 10.75, 5],
			"rotation": {"angle": 0, "axis": "y", "origin": [8.25, -1, 7.75]},
			"faces": {
				"north": {"uv": [7.75, 9.5, 8.75, 11.25], "texture": "#0"},
				"east": {"uv": [7, 9.5, 7.75, 11.25], "texture": "#0"},
				"south": {"uv": [9.5, 9.5, 10.5, 11.25], "texture": "#0"},
				"west": {"uv": [8.75, 9.5, 9.5, 11.25], "texture": "#0"},
				"up": {"uv": [8.75, 9.5, 7.75, 8.75], "texture": "#0"},
				"down": {"uv": [9.75, 8.75, 8.75, 9.5], "texture": "#0"}
			}
		},
		{
			"name": "bone7",
			"from": [6.25, -2, -1.5],
			"to": [10.25, 0, 2.5],
			"rotation": {"angle": 0, "axis": "y", "origin": [8.25, -1, 7.75]},
			"faces": {
				"north": {"uv": [10, 6.25, 11, 6.75], "texture": "#0"},
				"east": {"uv": [9, 6.25, 10, 6.75], "texture": "#0"},
				"south": {"uv": [12, 6.25, 13, 6.75], "texture": "#0"},
				"west": {"uv": [11, 6.25, 12, 6.75], "texture": "#0"},
				"up": {"uv": [11, 6.25, 10, 5.25], "texture": "#0"},
				"down": {"uv": [12, 5.25, 11, 6.25], "texture": "#0"}
			}
		},
		{
			"name": "bone6",
			"from": [7.25, -8.25, -0.5],
			"to": [9.25, -1.25, 1.5],
			"rotation": {"angle": 0, "axis": "y", "origin": [8.25, -1, 7.75]},
			"faces": {
				"north": {"uv": [0.5, 11.75, 1, 13.5], "texture": "#0"},
				"east": {"uv": [0, 11.75, 0.5, 13.5], "texture": "#0"},
				"south": {"uv": [1.5, 11.75, 2, 13.5], "texture": "#0"},
				"west": {"uv": [1, 11.75, 1.5, 13.5], "texture": "#0"},
				"up": {"uv": [1, 11.75, 0.5, 11.25], "texture": "#0"},
				"down": {"uv": [1.5, 11.25, 1, 11.75], "texture": "#0"}
			}
		},
		{
			"name": "bone5",
			"from": [7.25, -1.25, 0],
			"to": [9.25, 5.75, 2],
			"rotation": {"angle": 0, "axis": "y", "origin": [8.25, -1, 7.75]},
			"faces": {
				"north": {"uv": [6.5, 11.75, 7, 13.5], "texture": "#0"},
				"east": {"uv": [6, 11.75, 6.5, 13.5], "texture": "#0"},
				"south": {"uv": [7.5, 11.75, 8, 13.5], "texture": "#0"},
				"west": {"uv": [7, 11.75, 7.5, 13.5], "texture": "#0"},
				"up": {"uv": [7, 11.75, 6.5, 11.25], "texture": "#0"},
				"down": {"uv": [7.5, 11.25, 7, 11.75], "texture": "#0"}
			}
		},
		{
			"name": "bone21",
			"from": [2.5, 3.75, 5.75],
			"to": [5.5, 10.75, 9.75],
			"rotation": {"angle": 0, "axis": "y", "origin": [8.25, -1, 7.75]},
			"faces": {
				"north": {"uv": [1, 7.5, 1.75, 9.25], "texture": "#0"},
				"east": {"uv": [0, 7.5, 1, 9.25], "texture": "#0"},
				"south": {"uv": [2.75, 7.5, 3.5, 9.25], "texture": "#0"},
				"west": {"uv": [1.75, 7.5, 2.75, 9.25], "texture": "#0"},
				"up": {"uv": [1.75, 7.5, 1, 6.5], "texture": "#0"},
				"down": {"uv": [2.5, 6.5, 1.75, 7.5], "texture": "#0"}
			}
		},
		{
			"name": "bone22",
			"from": [-1, -2, 5.75],
			"to": [3, 0, 9.75],
			"rotation": {"angle": 0, "axis": "y", "origin": [8.25, -1, 7.75]},
			"faces": {
				"north": {"uv": [10, 2.5, 11, 3], "texture": "#0"},
				"east": {"uv": [9, 2.5, 10, 3], "texture": "#0"},
				"south": {"uv": [12, 2.5, 13, 3], "texture": "#0"},
				"west": {"uv": [11, 2.5, 12, 3], "texture": "#0"},
				"up": {"uv": [11, 2.5, 10, 1.5], "texture": "#0"},
				"down": {"uv": [12, 1.5, 11, 2.5], "texture": "#0"}
			}
		},
		{
			"name": "bone23",
			"from": [0, -8.25, 6.75],
			"to": [2, -1.25, 8.75],
			"rotation": {"angle": 0, "axis": "y", "origin": [8.25, -1, 7.75]},
			"faces": {
				"north": {"uv": [2.5, 10.5, 3, 12.25], "texture": "#0"},
				"east": {"uv": [2, 10.5, 2.5, 12.25], "texture": "#0"},
				"south": {"uv": [3.5, 10.5, 4, 12.25], "texture": "#0"},
				"west": {"uv": [3, 10.5, 3.5, 12.25], "texture": "#0"},
				"up": {"uv": [3, 10.5, 2.5, 10], "texture": "#0"},
				"down": {"uv": [3.5, 10, 3, 10.5], "texture": "#0"}
			}
		},
		{
			"name": "bone24",
			"from": [0.5, -1.25, 6.75],
			"to": [2.5, 5.75, 8.75],
			"rotation": {"angle": 0, "axis": "y", "origin": [8.25, -1, 7.75]},
			"faces": {
				"north": {"uv": [10.25, 7.25, 10.75, 9], "texture": "#0"},
				"east": {"uv": [9.75, 7.25, 10.25, 9], "texture": "#0"},
				"south": {"uv": [11.25, 7.25, 11.75, 9], "texture": "#0"},
				"west": {"uv": [10.75, 7.25, 11.25, 9], "texture": "#0"},
				"up": {"uv": [10.75, 7.25, 10.25, 6.75], "texture": "#0"},
				"down": {"uv": [11.25, 6.75, 10.75, 7.25], "texture": "#0"}
			}
		},
		{
			"name": "bone27",
			"from": [11, 3.75, 5.75],
			"to": [14, 10.75, 9.75],
			"rotation": {"angle": 0, "axis": "y", "origin": [8.25, -1, 7.75]},
			"faces": {
				"north": {"uv": [7.25, 7.25, 8, 9], "texture": "#0"},
				"east": {"uv": [6.25, 7.25, 7.25, 9], "texture": "#0"},
				"south": {"uv": [9, 7.25, 9.75, 9], "texture": "#0"},
				"west": {"uv": [8, 7.25, 9, 9], "texture": "#0"},
				"up": {"uv": [8, 7.25, 7.25, 6.25], "texture": "#0"},
				"down": {"uv": [8.75, 6.25, 8, 7.25], "texture": "#0"}
			}
		},
		{
			"name": "bone28",
			"from": [13.5, -2, 5.75],
			"to": [17.5, 0, 9.75],
			"rotation": {"angle": 0, "axis": "y", "origin": [8.25, -1, 7.75]},
			"faces": {
				"north": {"uv": [7.75, 1, 8.75, 1.5], "texture": "#0"},
				"east": {"uv": [6.75, 1, 7.75, 1.5], "texture": "#0"},
				"south": {"uv": [9.75, 1, 10.75, 1.5], "texture": "#0"},
				"west": {"uv": [8.75, 1, 9.75, 1.5], "texture": "#0"},
				"up": {"uv": [8.75, 1, 7.75, 0], "texture": "#0"},
				"down": {"uv": [9.75, 0, 8.75, 1], "texture": "#0"}
			}
		},
		{
			"name": "bone29",
			"from": [14.5, -8.25, 6.75],
			"to": [16.5, -1.25, 8.75],
			"rotation": {"angle": 0, "axis": "y", "origin": [8.25, -1, 7.75]},
			"faces": {
				"north": {"uv": [0.5, 9.5, 1, 11.25], "texture": "#0"},
				"east": {"uv": [0, 9.5, 0.5, 11.25], "texture": "#0"},
				"south": {"uv": [1.5, 9.5, 2, 11.25], "texture": "#0"},
				"west": {"uv": [1, 9.5, 1.5, 11.25], "texture": "#0"},
				"up": {"uv": [1, 9.5, 0.5, 9], "texture": "#0"},
				"down": {"uv": [1.5, 9, 1, 9.5], "texture": "#0"}
			}
		},
		{
			"name": "bone30",
			"from": [14, -1.25, 6.75],
			"to": [16, 5.75, 8.75],
			"rotation": {"angle": 0, "axis": "y", "origin": [8.25, -1, 7.75]},
			"faces": {
				"north": {"uv": [0.5, 0.5, 1, 2.25], "texture": "#0"},
				"east": {"uv": [0, 0.5, 0.5, 2.25], "texture": "#0"},
				"south": {"uv": [1.5, 0.5, 2, 2.25], "texture": "#0"},
				"west": {"uv": [1, 0.5, 1.5, 2.25], "texture": "#0"},
				"up": {"uv": [1, 0.5, 0.5, 0], "texture": "#0"},
				"down": {"uv": [1.5, 0, 1, 0.5], "texture": "#0"}
			}
		},
		{
			"name": "bone13",
			"from": [2.5, 3.75, 5.75],
			"to": [5.5, 10.75, 9.75],
			"rotation": {"angle": 0, "axis": "y", "origin": [8.25, -1, 7.75]},
			"faces": {
				"north": {"uv": [4.5, 9, 5.25, 10.75], "texture": "#0"},
				"east": {"uv": [3.5, 9, 4.5, 10.75], "texture": "#0"},
				"south": {"uv": [6.25, 9, 7, 10.75], "texture": "#0"},
				"west": {"uv": [5.25, 9, 6.25, 10.75], "texture": "#0"},
				"up": {"uv": [5.25, 9, 4.5, 8], "texture": "#0"},
				"down": {"uv": [6, 8, 5.25, 9], "texture": "#0"}
			}
		},
		{
			"name": "bone14",
			"from": [-1, -2, 5.75],
			"to": [3, 0, 9.75],
			"rotation": {"angle": 0, "axis": "y", "origin": [8.25, -1, 7.75]},
			"faces": {
				"north": {"uv": [10, 4, 11, 4.5], "texture": "#0"},
				"east": {"uv": [9, 4, 10, 4.5], "texture": "#0"},
				"south": {"uv": [12, 4, 13, 4.5], "texture": "#0"},
				"west": {"uv": [11, 4, 12, 4.5], "texture": "#0"},
				"up": {"uv": [11, 4, 10, 3], "texture": "#0"},
				"down": {"uv": [12, 3, 11, 4], "texture": "#0"}
			}
		},
		{
			"name": "bone15",
			"from": [0, -8.25, 6.75],
			"to": [2, -1.25, 8.75],
			"rotation": {"angle": 0, "axis": "y", "origin": [8.25, -1, 7.75]},
			"faces": {
				"north": {"uv": [11, 11, 11.5, 12.75], "texture": "#0"},
				"east": {"uv": [10.5, 11, 11, 12.75], "texture": "#0"},
				"south": {"uv": [12, 11, 12.5, 12.75], "texture": "#0"},
				"west": {"uv": [11.5, 11, 12, 12.75], "texture": "#0"},
				"up": {"uv": [11.5, 11, 11, 10.5], "texture": "#0"},
				"down": {"uv": [12, 10.5, 11.5, 11], "texture": "#0"}
			}
		},
		{
			"name": "bone16",
			"from": [0.5, -1.25, 6.75],
			"to": [2.5, 5.75, 8.75],
			"rotation": {"angle": 0, "axis": "y", "origin": [8.25, -1, 7.75]},
			"faces": {
				"north": {"uv": [4.5, 11, 5, 12.75], "texture": "#0"},
				"east": {"uv": [4, 11, 4.5, 12.75], "texture": "#0"},
				"south": {"uv": [5.5, 11, 6, 12.75], "texture": "#0"},
				"west": {"uv": [5, 11, 5.5, 12.75], "texture": "#0"},
				"up": {"uv": [5, 11, 4.5, 10.5], "texture": "#0"},
				"down": {"uv": [5.5, 10.5, 5, 11], "texture": "#0"}
			}
		},
		{
			"name": "bone5",
			"from": [11, 3.75, 5.75],
			"to": [14, 10.75, 9.75],
			"rotation": {"angle": 0, "axis": "y", "origin": [8.25, -1, 7.75]},
			"faces": {
				"north": {"uv": [8, 9.75, 8.75, 11.5], "texture": "#0"},
				"east": {"uv": [7, 9.75, 8, 11.5], "texture": "#0"},
				"south": {"uv": [9.75, 9.75, 10.5, 11.5], "texture": "#0"},
				"west": {"uv": [8.75, 9.75, 9.75, 11.5], "texture": "#0"},
				"up": {"uv": [8.75, 9.75, 8, 8.75], "texture": "#0"},
				"down": {"uv": [9.5, 8.75, 8.75, 9.75], "texture": "#0"}
			}
		},
		{
			"name": "bone8",
			"from": [13.5, -2, 5.75],
			"to": [17.5, 0, 9.75],
			"rotation": {"angle": 0, "axis": "y", "origin": [8.25, -1, 7.75]},
			"faces": {
				"north": {"uv": [10, 6.25, 11, 6.75], "texture": "#0"},
				"east": {"uv": [9, 6.25, 10, 6.75], "texture": "#0"},
				"south": {"uv": [12, 6.25, 13, 6.75], "texture": "#0"},
				"west": {"uv": [11, 6.25, 12, 6.75], "texture": "#0"},
				"up": {"uv": [11, 6.25, 10, 5.25], "texture": "#0"},
				"down": {"uv": [12, 5.25, 11, 6.25], "texture": "#0"}
			}
		},
		{
			"name": "bone7",
			"from": [14.5, -8.25, 6.75],
			"to": [16.5, -1.25, 8.75],
			"rotation": {"angle": 0, "axis": "y", "origin": [8.25, -1, 7.75]},
			"faces": {
				"north": {"uv": [0.5, 11.75, 1, 13.5], "texture": "#0"},
				"east": {"uv": [0, 11.75, 0.5, 13.5], "texture": "#0"},
				"south": {"uv": [1.5, 11.75, 2, 13.5], "texture": "#0"},
				"west": {"uv": [1, 11.75, 1.5, 13.5], "texture": "#0"},
				"up": {"uv": [1, 11.75, 0.5, 11.25], "texture": "#0"},
				"down": {"uv": [1.5, 11.25, 1, 11.75], "texture": "#0"}
			}
		},
		{
			"name": "bone6",
			"from": [14, -1.25, 6.75],
			"to": [16, 5.75, 8.75],
			"rotation": {"angle": 0, "axis": "y", "origin": [8.25, -1, 7.75]},
			"faces": {
				"north": {"uv": [6.5, 11.75, 7, 13.5], "texture": "#0"},
				"east": {"uv": [6, 11.75, 6.5, 13.5], "texture": "#0"},
				"south": {"uv": [7.5, 11.75, 8, 13.5], "texture": "#0"},
				"west": {"uv": [7, 11.75, 7.5, 13.5], "texture": "#0"},
				"up": {"uv": [7, 11.75, 6.5, 11.25], "texture": "#0"},
				"down": {"uv": [7.5, 11.25, 7, 11.75], "texture": "#0"}
			}
		}
	],
	"display": {
		"thirdperson_righthand": {
			"translation": [-0.05, 2.6, 1.75],
			"scale": [0.25, 0.25, 0.27]
		},
		"thirdperson_lefthand": {
			"translation": [-0.05, 2.6, 1.75],
			"scale": [0.25, 0.25, 0.27]
		},
		"firstperson_righthand": {
			"rotation": [-2, 8, 0],
			"translation": [1, 5, -0.75],
			"scale": [0.5, 0.5, 0.5]
		},
		"firstperson_lefthand": {
			"rotation": [-2, 8, 0],
			"translation": [1, 5, -0.75],
			"scale": [0.5, 0.5, 0.5]
		},
		"ground": {
			"translation": [0, 5.25, 0],
			"scale": [0.5, 0.5, 0.5]
		},
		"gui": {
			"rotation": [30, 45, 0],
			"translation": [0, 3.5, 0],
			"scale": [0.6, 0.6, 0.6]
		},
		"head": {
			"translation": [0, 14, 0]
		},
		"fixed": {
			"translation": [0, 5, 0],
			"scale": [0.8, 0.8, 0.8]
		}
	},
	"groups": [
		{
			"name": "bone",
			"origin": [0, 0, 0],
			"children": []
		},
		{
			"name": "bone2",
			"origin": [-0.25, 0.5, 0],
			"children": [0]
		},
		{
			"name": "bone3",
			"origin": [-0.25, 5.5, 0],
			"children": [1, 2]
		},
		{
			"name": "group",
			"origin": [8, 8, 8],
			"children": [
				{
					"name": "bone17",
					"origin": [0, 0, 0],
					"children": [
						{
							"name": "bone18",
							"origin": [0.0625, 0.0625, -0.0625],
							"children": [
								{
									"name": "bone19",
									"origin": [0, 0, 0],
									"children": [
										{
											"name": "bone20",
											"origin": [0, 7.25, 4],
											"children": [3]
										},
										{
											"name": "bone21",
											"origin": [0, 1.5, 7.5],
											"children": [4]
										},
										{
											"name": "bone22",
											"origin": [0, -4.75, 7.5],
											"children": [5]
										},
										{
											"name": "bone23",
											"origin": [0, 2.25, 7],
											"children": [6]
										}
									]
								}
							]
						},
						{
							"name": "bone24",
							"origin": [0.0625, 0.0625, 0.0625],
							"children": [
								{
									"name": "bone25",
									"origin": [0, 0, 0],
									"children": [
										{
											"name": "bone26",
											"origin": [0, 7.25, -4],
											"children": [7]
										},
										{
											"name": "bone27",
											"origin": [0, 1.5, -7.5],
											"children": [8]
										},
										{
											"name": "bone28",
											"origin": [0, -4.75, -7.5],
											"children": [9]
										},
										{
											"name": "bone29",
											"origin": [0, 2.25, -7],
											"children": [10]
										}
									]
								}
							]
						}
					]
				},
				{
					"name": "bone16",
					"origin": [0, 0, 0],
					"children": [
						{
							"name": "bone10",
							"origin": [0.0625, 0.0625, -0.0625],
							"children": [
								{
									"name": "bone11",
									"origin": [0, 0, 0],
									"children": [
										{
											"name": "bone12",
											"origin": [0, 7.25, 4],
											"children": [11]
										},
										{
											"name": "bone13",
											"origin": [0, 1.5, 7.5],
											"children": [12]
										},
										{
											"name": "bone14",
											"origin": [0, -4.75, 7.5],
											"children": [13]
										},
										{
											"name": "bone15",
											"origin": [0, 2.25, 7],
											"children": [14]
										}
									]
								}
							]
						},
						{
							"name": "bone9",
							"origin": [0.0625, 0.0625, 0.0625],
							"children": [
								{
									"name": "bone8",
									"origin": [0, 0, 0],
									"children": [
										{
											"name": "bone4",
											"origin": [0, 7.25, -4],
											"children": [15]
										},
										{
											"name": "bone7",
											"origin": [0, 1.5, -7.5],
											"children": [16]
										},
										{
											"name": "bone6",
											"origin": [0, -4.75, -7.5],
											"children": [17]
										},
										{
											"name": "bone5",
											"origin": [0, 2.25, -7],
											"children": [18]
										}
									]
								}
							]
						}
					]
				}
			]
		},
		{
			"name": "group",
			"origin": [8, 8, 8],
			"children": [
				{
					"name": "bone17",
					"origin": [0, 0, 0],
					"children": [
						{
							"name": "bone18",
							"origin": [0.0625, 0.0625, -0.0625],
							"children": [
								{
									"name": "bone19",
									"origin": [0, 0, 0],
									"children": [
										{
											"name": "bone20",
											"origin": [0, 7.25, 4],
											"children": [19]
										},
										{
											"name": "bone21",
											"origin": [0, 1.5, 7.5],
											"children": [20]
										},
										{
											"name": "bone22",
											"origin": [0, -4.75, 7.5],
											"children": [21]
										},
										{
											"name": "bone23",
											"origin": [0, 2.25, 7],
											"children": [22]
										}
									]
								}
							]
						},
						{
							"name": "bone24",
							"origin": [0.0625, 0.0625, 0.0625],
							"children": [
								{
									"name": "bone25",
									"origin": [0, 0, 0],
									"children": [
										{
											"name": "bone26",
											"origin": [0, 7.25, -4],
											"children": [23]
										},
										{
											"name": "bone27",
											"origin": [0, 1.5, -7.5],
											"children": [24]
										},
										{
											"name": "bone28",
											"origin": [0, -4.75, -7.5],
											"children": [25]
										},
										{
											"name": "bone29",
											"origin": [0, 2.25, -7],
											"children": [26]
										}
									]
								}
							]
						}
					]
				},
				{
					"name": "bone16",
					"origin": [0, 0, 0],
					"children": [
						{
							"name": "bone10",
							"origin": [0.0625, 0.0625, -0.0625],
							"children": [
								{
									"name": "bone11",
									"origin": [0, 0, 0],
									"children": [
										{
											"name": "bone12",
											"origin": [0, 7.25, 4],
											"children": [27]
										},
										{
											"name": "bone13",
											"origin": [0, 1.5, 7.5],
											"children": [28]
										},
										{
											"name": "bone14",
											"origin": [0, -4.75, 7.5],
											"children": [29]
										},
										{
											"name": "bone15",
											"origin": [0, 2.25, 7],
											"children": [30]
										}
									]
								}
							]
						},
						{
							"name": "bone9",
							"origin": [0.0625, 0.0625, 0.0625],
							"children": [
								{
									"name": "bone8",
									"origin": [0, 0, 0],
									"children": [
										{
											"name": "bone4",
											"origin": [0, 7.25, -4],
											"children": [31]
										},
										{
											"name": "bone7",
											"origin": [0, 1.5, -7.5],
											"children": [32]
										},
										{
											"name": "bone6",
											"origin": [0, -4.75, -7.5],
											"children": [33]
										},
										{
											"name": "bone5",
											"origin": [0, 2.25, -7],
											"children": [34]
										}
									]
								}
							]
						}
					]
				}
			]
		}
	]
}