{
	"credit": "Made with Blockbench",
	"texture_size": [64, 64],
	"textures": {
		"0": "missy:blocks/toaster",
		"particle": "missy:blocks/toaster"
	},
	"elements": [
		{
			"from": [3.5, 1.25, 1.25],
			"to": [12.5, 2, 14],
			"rotation": {"angle": 0, "axis": "x", "origin": [14.5, 8.25, 15]},
			"faces": {
				"north": {"uv": [2.25, 2, 4.5, 2.25], "texture": "#0"},
				"east": {"uv": [8.75, 8.5, 12, 8.75], "texture": "#0"},
				"south": {"uv": [6.75, 6.5, 9, 6.75], "texture": "#0"},
				"west": {"uv": [7.5, 9.25, 10.75, 9.5], "texture": "#0"},
				"up": {"uv": [2.25, 3.25, 0, 0], "texture": "#0"},
				"down": {"uv": [4.5, 2.25, 2.25, 5.5], "texture": "#0"}
			}
		},
		{
			"from": [3.4, 0.65, 1.15],
			"to": [12.6, 1.6, 14.1],
			"rotation": {"angle": 0, "axis": "x", "origin": [14.5, 7.75, 15]},
			"faces": {
				"north": {"uv": [9.5, 6, 11.75, 6.25], "texture": "#0"},
				"east": {"uv": [3.5, 9.5, 6.75, 9.75], "texture": "#0"},
				"south": {"uv": [9.5, 6.25, 11.75, 6.5], "texture": "#0"},
				"west": {"uv": [6.75, 9.5, 10, 9.75], "texture": "#0"},
				"up": {"uv": [2.25, 6.5, 0, 3.25], "texture": "#0"},
				"down": {"uv": [6.75, 4.5, 4.5, 7.75], "texture": "#0"}
			}
		},
		{
			"from": [4, 2, 1.5],
			"to": [12, 5, 13.5],
			"rotation": {"angle": 0, "axis": "y", "origin": [14.5, 8, 15]},
			"faces": {
				"north": {"uv": [3.5, 8.75, 5.5, 9.5], "texture": "#0"},
				"east": {"uv": [4.5, 3, 7.5, 3.75], "texture": "#0"},
				"south": {"uv": [5.5, 8.75, 7.5, 9.5], "texture": "#0"},
				"west": {"uv": [4.5, 3.75, 7.5, 4.5], "texture": "#0"},
				"up": {"uv": [6.5, 3, 4.5, 0], "texture": "#0"},
				"down": {"uv": [4.25, 5.5, 2.25, 8.5], "texture": "#0"}
			}
		},
		{
			"from": [4.25, 0.5, 1.75],
			"to": [11.75, 1.25, 13.5],
			"rotation": {"angle": 0, "axis": "y", "origin": [14.5, 7.25, 15]},
			"faces": {
				"north": {"uv": [9.5, 8, 11.5, 8.25], "texture": "#0"},
				"east": {"uv": [9.5, 5.5, 12.25, 5.75], "texture": "#0"},
				"south": {"uv": [9.5, 8.25, 11.5, 8.5], "texture": "#0"},
				"west": {"uv": [9.5, 5.75, 12.25, 6], "texture": "#0"},
				"up": {"uv": [2, 9.25, 0, 6.5], "texture": "#0"},
				"down": {"uv": [8.5, 0, 6.5, 2.75], "texture": "#0"}
			}
		},
		{
			"from": [4.25, 5, 11.75],
			"to": [11.75, 5.75, 13.25],
			"rotation": {"angle": 0, "axis": "y", "origin": [13.5, 13, 25]},
			"faces": {
				"north": {"uv": [9.5, 8.75, 11.5, 9], "texture": "#0"},
				"east": {"uv": [3.5, 8.5, 4, 8.75], "texture": "#0"},
				"south": {"uv": [9.5, 9, 11.5, 9.25], "texture": "#0"},
				"west": {"uv": [6, 10.25, 6.5, 10.5], "texture": "#0"},
				"up": {"uv": [10.5, 2.75, 8.5, 2.25], "texture": "#0"},
				"down": {"uv": [9.5, 8.75, 7.5, 9.25], "texture": "#0"}
			}
		},
		{
			"from": [6, 5, 6.5],
			"to": [10, 5.85, 7.5],
			"rotation": {"angle": 0, "axis": "y", "origin": [13.5, 13, 19.75]},
			"faces": {
				"north": {"uv": [6.5, 2.75, 7.5, 3], "texture": "#0"},
				"east": {"uv": [4.25, 7.5, 4.5, 7.75], "texture": "#0"},
				"south": {"uv": [2.25, 10, 3.25, 10.25], "texture": "#0"},
				"west": {"uv": [4, 8.5, 4.25, 8.75], "texture": "#0"},
				"up": {"uv": [9.5, 10.25, 8.5, 10], "texture": "#0"},
				"down": {"uv": [10.5, 10, 9.5, 10.25], "texture": "#0"}
			}
		},
		{
			"from": [6, 5, 8.5],
			"to": [10, 5.825, 9.5],
			"rotation": {"angle": 0, "axis": "y", "origin": [13.5, 13, 21.75]},
			"faces": {
				"north": {"uv": [10, 0, 11, 0.25], "texture": "#0"},
				"east": {"uv": [8.75, 8.25, 9, 8.5], "texture": "#0"},
				"south": {"uv": [10, 0.25, 11, 0.5], "texture": "#0"},
				"west": {"uv": [3.25, 10, 3.5, 10.25], "texture": "#0"},
				"up": {"uv": [11, 0.75, 10, 0.5], "texture": "#0"},
				"down": {"uv": [11, 0.75, 10, 1], "texture": "#0"}
			}
		},
		{
			"from": [6, 5, 10.5],
			"to": [10, 5.825, 11.75],
			"rotation": {"angle": 0, "axis": "y", "origin": [13.5, 13, 22.75]},
			"faces": {
				"north": {"uv": [10, 1, 11, 1.25], "texture": "#0"},
				"east": {"uv": [2.75, 10.5, 3, 10.75], "texture": "#0"},
				"south": {"uv": [10, 1.25, 11, 1.5], "texture": "#0"},
				"west": {"uv": [3, 10.5, 3.25, 10.75], "texture": "#0"},
				"up": {"uv": [11, 9.75, 10, 9.5], "texture": "#0"},
				"down": {"uv": [3.25, 10.25, 2.25, 10.5], "texture": "#0"}
			}
		},
		{
			"from": [6, 5, 4],
			"to": [10, 5.825, 5.5],
			"rotation": {"angle": 0, "axis": "y", "origin": [13.5, 13, 17.75]},
			"faces": {
				"north": {"uv": [3.25, 10.25, 4.25, 10.5], "texture": "#0"},
				"east": {"uv": [6.5, 10.25, 7, 10.5], "texture": "#0"},
				"south": {"uv": [4.25, 10.25, 5.25, 10.5], "texture": "#0"},
				"west": {"uv": [7, 10.25, 7.5, 10.5], "texture": "#0"},
				"up": {"uv": [4.5, 10.25, 3.5, 9.75], "texture": "#0"},
				"down": {"uv": [5.5, 9.75, 4.5, 10.25], "texture": "#0"}
			}
		},
		{
			"from": [4.25, 5, 4.25],
			"to": [6, 5.75, 11.75],
			"rotation": {"angle": 0, "axis": "y", "origin": [12.5, 13, 15]},
			"faces": {
				"north": {"uv": [7.5, 10.25, 8, 10.5], "texture": "#0"},
				"east": {"uv": [5.5, 9.75, 7.5, 10], "texture": "#0"},
				"south": {"uv": [8, 10.25, 8.5, 10.5], "texture": "#0"},
				"west": {"uv": [7.5, 9.75, 9.5, 10], "texture": "#0"},
				"up": {"uv": [9.5, 6.5, 9, 4.5], "texture": "#0"},
				"down": {"uv": [9.5, 6.5, 9, 8.5], "texture": "#0"}
			}
		},
		{
			"from": [10, 5, 4.25],
			"to": [11.75, 5.75, 11.75],
			"rotation": {"angle": 0, "axis": "y", "origin": [17.5, 13, 15]},
			"faces": {
				"north": {"uv": [8.5, 10.25, 9, 10.5], "texture": "#0"},
				"east": {"uv": [9.5, 9.75, 11.5, 10], "texture": "#0"},
				"south": {"uv": [9, 10.25, 9.5, 10.5], "texture": "#0"},
				"west": {"uv": [9.75, 2.75, 11.75, 3], "texture": "#0"},
				"up": {"uv": [0.5, 11.25, 0, 9.25], "texture": "#0"},
				"down": {"uv": [1, 9.25, 0.5, 11.25], "texture": "#0"}
			}
		},
		{
			"from": [3.75, 2, 1.25],
			"to": [12.25, 5.75, 1.5],
			"rotation": {"angle": 0, "axis": "y", "origin": [10.5, 10, 9]},
			"faces": {
				"north": {"uv": [2.25, 0, 4.5, 1], "texture": "#0"},
				"east": {"uv": [1, 10.25, 1.25, 11.25], "texture": "#0"},
				"south": {"uv": [2.25, 1, 4.5, 2], "texture": "#0"},
				"west": {"uv": [1.25, 10.25, 1.5, 11.25], "texture": "#0"},
				"up": {"uv": [11.75, 6.75, 9.5, 6.5], "texture": "#0"},
				"down": {"uv": [11.75, 6.75, 9.5, 7], "texture": "#0"}
			}
		},
		{
			"from": [3.75, 2, 1.5],
			"to": [12.25, 6.25, 4.25],
			"rotation": {"angle": 0, "axis": "y", "origin": [10.5, 10, 9]},
			"faces": {
				"north": {"uv": [6.75, 6.75, 9, 7.75], "texture": "#0"},
				"east": {"uv": [1, 9.25, 1.75, 10.25], "texture": "#0"},
				"south": {"uv": [6.75, 4.5, 9, 5.5], "texture": "#0"},
				"west": {"uv": [9.5, 4.5, 10.25, 5.5], "texture": "#0"},
				"up": {"uv": [9.75, 4.5, 7.5, 3.75], "texture": "#0"},
				"down": {"uv": [10.75, 1.5, 8.5, 2.25], "texture": "#0"}
			}
		},
		{
			"from": [3.75, 2, 11.75],
			"to": [12.25, 6, 13.5],
			"rotation": {"angle": 0, "axis": "y", "origin": [15.5, 10, 20.5]},
			"faces": {
				"north": {"uv": [6.75, 5.5, 9, 6.5], "texture": "#0"},
				"east": {"uv": [1.5, 10.25, 1.75, 11.25], "texture": "#0"},
				"south": {"uv": [7.5, 2.75, 9.75, 3.75], "texture": "#0"},
				"west": {"uv": [5.25, 10.25, 5.5, 11.25], "texture": "#0"},
				"up": {"uv": [11.75, 7.25, 9.5, 7], "texture": "#0"},
				"down": {"uv": [11.75, 7.25, 9.5, 7.5], "texture": "#0"}
			}
		},
		{
			"from": [3.75, 2, 13.5],
			"to": [12.25, 5.5, 13.75],
			"rotation": {"angle": 0, "axis": "y", "origin": [15.5, 10, 20.5]},
			"faces": {
				"north": {"uv": [4.25, 7.75, 6.5, 8.75], "texture": "#0"},
				"east": {"uv": [5.5, 10.25, 5.75, 11.25], "texture": "#0"},
				"south": {"uv": [6.5, 7.75, 8.75, 8.75], "texture": "#0"},
				"west": {"uv": [5.75, 10.25, 6, 11.25], "texture": "#0"},
				"up": {"uv": [11.75, 7.75, 9.5, 7.5], "texture": "#0"},
				"down": {"uv": [11.75, 7.75, 9.5, 8], "texture": "#0"}
			}
		},
		{
			"from": [4.5, 5, 5],
			"to": [10.5, 5.25, 10.5],
			"rotation": {"angle": 0, "axis": "y", "origin": [15.5, 13, 14]},
			"faces": {
				"north": {"uv": [9.75, 4, 11.25, 4.25], "texture": "#0"},
				"east": {"uv": [9.75, 4.25, 11.25, 4.5], "texture": "#0"},
				"south": {"uv": [5.5, 10, 7, 10.25], "texture": "#0"},
				"west": {"uv": [7, 10, 8.5, 10.25], "texture": "#0"},
				"up": {"uv": [3.5, 10, 2, 8.5], "texture": "#0"},
				"down": {"uv": [10, 0, 8.5, 1.5], "texture": "#0"}
			}
		},
		{
			"from": [11.5, 4.75, 4.25],
			"to": [12.1, 5.5, 12.25],
			"rotation": {"angle": 0, "axis": "y", "origin": [19.5, 12.5, 14]},
			"faces": {
				"north": {"uv": [3.25, 10.5, 3.5, 10.75], "texture": "#0"},
				"east": {"uv": [9.75, 3, 11.75, 3.25], "texture": "#0"},
				"south": {"uv": [3.5, 10.5, 3.75, 10.75], "texture": "#0"},
				"west": {"uv": [9.75, 3.25, 11.75, 3.5], "texture": "#0"},
				"up": {"uv": [4.5, 7.5, 4.25, 5.5], "texture": "#0"},
				"down": {"uv": [2.25, 6.5, 2, 8.5], "texture": "#0"}
			}
		},
		{
			"from": [3.925, 4.75, 4.25],
			"to": [4.5, 5.5, 12.25],
			"rotation": {"angle": 0, "axis": "y", "origin": [11.75, 12.5, 14]},
			"faces": {
				"north": {"uv": [3.75, 10.5, 4, 10.75], "texture": "#0"},
				"east": {"uv": [9.75, 3.5, 11.75, 3.75], "texture": "#0"},
				"south": {"uv": [4, 10.5, 4.25, 10.75], "texture": "#0"},
				"west": {"uv": [9.75, 3.75, 11.75, 4], "texture": "#0"},
				"up": {"uv": [2, 11.25, 1.75, 9.25], "texture": "#0"},
				"down": {"uv": [2.25, 10, 2, 12], "texture": "#0"}
			}
		},
		{
			"from": [11.5, 2.5, 2.25],
			"to": [12.5, 3.5, 3.25],
			"rotation": {"angle": 0, "axis": "y", "origin": [19.5, 10.5, 10.25]},
			"faces": {
				"north": {"uv": [4.25, 10.5, 4.5, 10.75], "texture": "#0"},
				"east": {"uv": [4.5, 10.5, 4.75, 10.75], "texture": "#0"},
				"south": {"uv": [4.75, 10.5, 5, 10.75], "texture": "#0"},
				"west": {"uv": [5, 10.5, 5.25, 10.75], "texture": "#0"},
				"up": {"uv": [6.25, 10.75, 6, 10.5], "texture": "#0"},
				"down": {"uv": [6.5, 10.5, 6.25, 10.75], "texture": "#0"}
			}
		},
		{
			"from": [11.05, 2.3, 2.05],
			"to": [12.45, 3.7, 3.45],
			"rotation": {"angle": 0, "axis": "y", "origin": [19.25, 10.5, 10.25]},
			"faces": {
				"north": {"uv": [6.5, 10.5, 6.75, 10.75], "texture": "#0"},
				"east": {"uv": [6.75, 10.5, 7, 10.75], "texture": "#0"},
				"south": {"uv": [7, 10.5, 7.25, 10.75], "texture": "#0"},
				"west": {"uv": [7.25, 10.5, 7.5, 10.75], "texture": "#0"},
				"up": {"uv": [7.75, 10.75, 7.5, 10.5], "texture": "#0"},
				"down": {"uv": [8, 10.5, 7.75, 10.75], "texture": "#0"}
			}
		},
		{
			"from": [11.25, 0, 11.75],
			"to": [12.25, 1, 13.25],
			"rotation": {"angle": 0, "axis": "y", "origin": [19.25, 8, 20.25]},
			"faces": {
				"north": {"uv": [8, 10.5, 8.25, 10.75], "texture": "#0"},
				"east": {"uv": [9.5, 10.25, 10, 10.5], "texture": "#0"},
				"south": {"uv": [8.25, 10.5, 8.5, 10.75], "texture": "#0"},
				"west": {"uv": [10, 10.25, 10.5, 10.5], "texture": "#0"},
				"up": {"uv": [9, 8.25, 8.75, 7.75], "texture": "#0"},
				"down": {"uv": [10.5, 4.5, 10.25, 5], "texture": "#0"}
			}
		},
		{
			"from": [3.75, 0, 11.75],
			"to": [4.75, 1, 13.25],
			"rotation": {"angle": 0, "axis": "y", "origin": [11.75, 8, 20.25]},
			"faces": {
				"north": {"uv": [8.5, 10.5, 8.75, 10.75], "texture": "#0"},
				"east": {"uv": [10.25, 5, 10.75, 5.25], "texture": "#0"},
				"south": {"uv": [8.75, 10.5, 9, 10.75], "texture": "#0"},
				"west": {"uv": [10.25, 5.25, 10.75, 5.5], "texture": "#0"},
				"up": {"uv": [2.5, 11, 2.25, 10.5], "texture": "#0"},
				"down": {"uv": [2.75, 10.5, 2.5, 11], "texture": "#0"}
			}
		},
		{
			"from": [11.25, 0, 2],
			"to": [12.25, 1, 3.25],
			"rotation": {"angle": 0, "axis": "y", "origin": [19.25, 8, 10]},
			"faces": {
				"north": {"uv": [9, 10.5, 9.25, 10.75], "texture": "#0"},
				"east": {"uv": [9.25, 10.5, 9.5, 10.75], "texture": "#0"},
				"south": {"uv": [9.5, 10.5, 9.75, 10.75], "texture": "#0"},
				"west": {"uv": [9.75, 10.5, 10, 10.75], "texture": "#0"},
				"up": {"uv": [10.25, 10.75, 10, 10.5], "texture": "#0"},
				"down": {"uv": [10.5, 10.5, 10.25, 10.75], "texture": "#0"}
			}
		},
		{
			"from": [3.75, 0, 2],
			"to": [4.75, 1, 3.25],
			"rotation": {"angle": 0, "axis": "y", "origin": [11.75, 8, 10]},
			"faces": {
				"north": {"uv": [10.5, 10.5, 10.75, 10.75], "texture": "#0"},
				"east": {"uv": [10.5, 2.25, 10.75, 2.5], "texture": "#0"},
				"south": {"uv": [10.5, 2.5, 10.75, 2.75], "texture": "#0"},
				"west": {"uv": [10.5, 4.5, 10.75, 4.75], "texture": "#0"},
				"up": {"uv": [10.75, 5, 10.5, 4.75], "texture": "#0"},
				"down": {"uv": [10.75, 10, 10.5, 10.25], "texture": "#0"}
			}
		},
		{
			"from": [11.25, 0, 4.5],
			"to": [12.25, 1, 5.5],
			"rotation": {"angle": 0, "axis": "y", "origin": [19.25, 8, 13]},
			"faces": {
				"north": {"uv": [10.5, 10.25, 10.75, 10.5], "texture": "#0"},
				"east": {"uv": [2.75, 10.75, 3, 11], "texture": "#0"},
				"south": {"uv": [3, 10.75, 3.25, 11], "texture": "#0"},
				"west": {"uv": [3.25, 10.75, 3.5, 11], "texture": "#0"},
				"up": {"uv": [3.75, 11, 3.5, 10.75], "texture": "#0"},
				"down": {"uv": [4, 10.75, 3.75, 11], "texture": "#0"}
			}
		},
		{
			"from": [3.75, 0, 4.5],
			"to": [4.75, 1, 5.5],
			"rotation": {"angle": 0, "axis": "y", "origin": [11.75, 8, 13]},
			"faces": {
				"north": {"uv": [4, 10.75, 4.25, 11], "texture": "#0"},
				"east": {"uv": [4.25, 10.75, 4.5, 11], "texture": "#0"},
				"south": {"uv": [4.5, 10.75, 4.75, 11], "texture": "#0"},
				"west": {"uv": [4.75, 10.75, 5, 11], "texture": "#0"},
				"up": {"uv": [5.25, 11, 5, 10.75], "texture": "#0"},
				"down": {"uv": [6.25, 10.75, 6, 11], "texture": "#0"}
			}
		}
	],
	"display": {
		"thirdperson_righthand": {
			"rotation": [90, 0, 0],
			"translation": [0, 0, 3.25],
			"scale": [0.4, 0.4, 0.4]
		},
		"thirdperson_lefthand": {
			"rotation": [90, 0, 0],
			"translation": [0, 0, 3.25],
			"scale": [0.4, 0.4, 0.4]
		},
		"firstperson_righthand": {
			"rotation": [7, 28, 0],
			"translation": [5, 5, 0.25]
		},
		"firstperson_lefthand": {
			"rotation": [7, 28, 0],
			"translation": [5, 5, 0.25]
		},
		"ground": {
			"translation": [0, 1.25, 0],
			"scale": [0.5, 0.5, 0.5]
		},
		"gui": {
			"rotation": [30, 45, 0],
			"translation": [0.25, 3.5, 0]
		},
		"head": {
			"rotation": [0, 90, 0],
			"translation": [0, 13.5, 0]
		},
		"fixed": {
			"rotation": [0, 90, 0],
			"translation": [0, 5, 0]
		}
	}
}