{
  "parent": "tardis:interior/root",
  "display": {
    "icon": {
      "item": "minecraft:clock"
    },
    "title": {
      "translate": "advancements.missy.interior.crystalline"
    },
    "description": {
      "translate": "advancements.missy.interior.crystalline.desc"
    },
    "frame": "task",
    "show_toast": true,
    "announce_to_chat": true,
    "hidden": false
  },
  "criteria": {
    "has_clock": {
      "trigger": "minecraft:inventory_changed",
      "conditions": {
        "items": [
          {
            "item": "minecraft:clock"
          }
        ]
      }
    }
  },
  "requirements": [
    [
      "has_clock"
    ]
  ]
}